ImgNum,KptDetector,TotalNumOfKpts,DetectionTime,NumrOfKptsInROI,DescriptorType,ExtractionTime,Matcher,Selector,NumOfMatches,MatchingTime
Evaluate detector SHITOMASI and descriptor BRISK
0,SHITOMASI,1370,18.2727,125,BRISK,1.7481
1,SHITOMASI,1301,16.8958,118,BRISK,2.46792,BF,KNN,84,0.608778
2,SHITOMASI,1361,17.2572,123,BRISK,2.36876,BF,KNN,80,0.573226
3,SHITOMASI,1358,16.6129,120,BRISK,2.13958,BF,KNN,73,0.567135
4,SHITOMASI,1333,15.9986,120,BRISK,2.27184,BF,KNN,77,0.524395
5,SHITOMASI,1284,16.0335,113,BRISK,2.29482,BF,KNN,74,0.511035
6,SHITOMASI,1322,16.3389,114,BRISK,2.11295,BF,KNN,70,0.554852
7,SHITOMASI,1366,16.0941,123,BRISK,2.24865,BF,KNN,79,0.528268
8,SHITOMASI,1389,17.3487,111,BRISK,2.06507,BF,KNN,81,0.60805
9,SHITOMASI,1339,15.24,112,BRISK,2.1041,BF,KNN,72,0.515822
Evaluate detector SHITOMASI and descriptor BRIEF
0,SHITOMASI,1370,15.7269,125,BRIEF,1.43218
1,SHITOMASI,1301,16.387,118,BRIEF,1.21166,BF,KNN,96,0.451599
2,SHITOMASI,1361,15.4692,123,BRIEF,1.21331,BF,KNN,93,0.339554
3,SHITOMASI,1358,13.7471,120,BRIEF,1.41373,BF,KNN,92,0.341854
4,SHITOMASI,1333,13.7101,120,BRIEF,1.19377,BF,KNN,89,0.381616
5,SHITOMASI,1284,14.3122,113,BRIEF,1.25054,BF,KNN,92,0.29946
6,SHITOMASI,1322,14.2302,114,BRIEF,1.22953,BF,KNN,93,0.274884
7,SHITOMASI,1366,13.8527,123,BRIEF,1.48138,BF,KNN,85,0.348716
8,SHITOMASI,1389,15.0911,111,BRIEF,1.11683,BF,KNN,91,0.319168
9,SHITOMASI,1339,14.5104,112,BRIEF,1.1348,BF,KNN,85,0.288591
Evaluate detector SHITOMASI and descriptor ORB
0,SHITOMASI,1370,14.0786,125,ORB,1.1736
1,SHITOMASI,1301,15.5372,118,ORB,0.807316,BF,KNN,86,0.382626
2,SHITOMASI,1361,14.7546,123,ORB,0.985581,BF,KNN,84,0.364823
3,SHITOMASI,1358,14.9162,120,ORB,0.992293,BF,KNN,87,0.301496
4,SHITOMASI,1333,14.8108,120,ORB,1.13948,BF,KNN,91,0.398455
5,SHITOMASI,1284,14.733,113,ORB,1.04035,BF,KNN,87,0.304567
6,SHITOMASI,1322,14.5626,114,ORB,0.863304,BF,KNN,76,0.270829
7,SHITOMASI,1366,14.6372,123,ORB,0.85407,BF,KNN,81,0.29417
8,SHITOMASI,1389,14.5133,111,ORB,0.973347,BF,KNN,88,0.314478
9,SHITOMASI,1339,14.8206,112,ORB,1.04026,BF,KNN,88,0.306798
Evaluate detector SHITOMASI and descriptor FREAK
0,SHITOMASI,1370,14.8287,125,FREAK,41.9498
1,SHITOMASI,1301,14.381,118,FREAK,39.4187,BF,KNN,66,0.576331
2,SHITOMASI,1361,11.0834,123,FREAK,40.0203,BF,KNN,66,0.571505
3,SHITOMASI,1358,10.9465,120,FREAK,39.4923,BF,KNN,64,0.570943
4,SHITOMASI,1333,10.647,120,FREAK,38.2756,BF,KNN,63,0.542746
5,SHITOMASI,1284,10.6351,113,FREAK,39.2069,BF,KNN,62,0.555785
6,SHITOMASI,1322,11.0752,114,FREAK,39.2138,BF,KNN,64,0.488526
7,SHITOMASI,1366,11.2071,123,FREAK,39.7907,BF,KNN,61,0.511122
8,SHITOMASI,1389,11.4947,111,FREAK,39.0543,BF,KNN,65,0.511834
9,SHITOMASI,1339,10.9528,112,FREAK,39.4537,BF,KNN,63,0.525943
Detector SHITOMASI is not compatible with descriptor AKAZE
Evaluate detector SHITOMASI and descriptor SIFT
0,SHITOMASI,1370,10.5509,125,SIFT,16.7814
1,SHITOMASI,1301,11.6177,118,SIFT,15.007,BF,KNN,112,0.319534
2,SHITOMASI,1361,10.7658,123,SIFT,14.1754,BF,KNN,109,0.313674
3,SHITOMASI,1358,11.5561,120,SIFT,14.4473,BF,KNN,104,0.293568
4,SHITOMASI,1333,14.5131,120,SIFT,14.3061,BF,KNN,103,0.318469
5,SHITOMASI,1284,11.5693,113,SIFT,14.8954,BF,KNN,99,0.273
6,SHITOMASI,1322,10.8978,114,SIFT,15.2043,BF,KNN,101,0.296546
7,SHITOMASI,1366,15.6572,123,SIFT,14.9465,BF,KNN,96,0.339339
8,SHITOMASI,1389,10.987,111,SIFT,14.8868,BF,KNN,106,0.265027
9,SHITOMASI,1339,10.8966,112,SIFT,14.1368,BF,KNN,97,0.231648
Evaluate detector HARRIS and descriptor BRISK
0,HARRIS,115,3.36128,17,BRISK,0.5081
1,HARRIS,98,3.03948,14,BRISK,0.520364,BF,KNN,11,0.116619
2,HARRIS,113,3.02567,18,BRISK,0.504541,BF,KNN,9,0.089898
3,HARRIS,121,3.13495,21,BRISK,0.553361,BF,KNN,10,0.118151
4,HARRIS,160,3.89374,26,BRISK,0.606699,BF,KNN,11,0.144394
5,HARRIS,383,18.469,43,BRISK,0.815871,BF,KNN,16,0.141885
6,HARRIS,85,2.78694,18,BRISK,0.52482,BF,KNN,14,0.144936
7,HARRIS,210,5.25869,31,BRISK,0.642045,BF,KNN,12,0.092512
8,HARRIS,171,4.36038,26,BRISK,0.62106,BF,KNN,21,0.133425
9,HARRIS,281,8.97714,34,BRISK,0.6642,BF,KNN,17,0.173038
Evaluate detector HARRIS and descriptor BRIEF
0,HARRIS,115,3.22531,17,BRIEF,0.33105
1,HARRIS,98,3.10845,14,BRIEF,0.237293,BF,KNN,12,0.05562
2,HARRIS,113,3.32719,18,BRIEF,0.256245,BF,KNN,12,0.057938
3,HARRIS,121,3.07572,21,BRIEF,0.246985,BF,KNN,14,0.061559
4,HARRIS,160,4.04743,26,BRIEF,0.277969,BF,KNN,17,0.088864
5,HARRIS,383,17.9151,43,BRIEF,0.321975,BF,KNN,17,0.087865
6,HARRIS,85,2.73896,18,BRIEF,0.260508,BF,KNN,16,0.139817
7,HARRIS,210,5.39947,31,BRIEF,0.338771,BF,KNN,12,0.090329
8,HARRIS,171,4.00833,26,BRIEF,0.259188,BF,KNN,20,0.094102
9,HARRIS,281,9.01041,34,BRIEF,0.331795,BF,KNN,21,0.098819
Evaluate detector HARRIS and descriptor ORB
0,HARRIS,115,3.22598,17,ORB,0.691024
1,HARRIS,98,3.08392,14,ORB,0.666333,BF,KNN,11,0.0589
2,HARRIS,113,3.04008,18,ORB,0.833042,BF,KNN,11,0.068022
3,HARRIS,121,3.1218,21,ORB,0.711804,BF,KNN,14,0.060971
4,HARRIS,160,3.80423,26,ORB,0.859834,BF,KNN,17,0.078965
5,HARRIS,383,17.838,43,ORB,0.791166,BF,KNN,19,0.096492
6,HARRIS,85,3.20997,18,ORB,0.829838,BF,KNN,19,0.111435
7,HARRIS,210,5.42359,31,ORB,0.863148,BF,KNN,13,0.115941
8,HARRIS,171,4.12071,26,ORB,0.662935,BF,KNN,21,0.087319
9,HARRIS,281,8.81209,34,ORB,0.813671,BF,KNN,20,0.070677
Evaluate detector HARRIS and descriptor FREAK
0,HARRIS,115,3.12631,17,FREAK,38.0265
1,HARRIS,98,3.10314,14,FREAK,39.7825,BF,KNN,11,0.084357
2,HARRIS,113,3.16243,18,FREAK,39.5112,BF,KNN,9,0.083488
3,HARRIS,121,3.13255,21,FREAK,38.6871,BF,KNN,13,0.063509
4,HARRIS,160,3.63016,26,FREAK,38.2435,BF,KNN,14,0.101354
5,HARRIS,383,17.5789,43,FREAK,38.9787,BF,KNN,13,0.119403
6,HARRIS,85,2.84847,18,FREAK,38.8412,BF,KNN,18,0.194568
7,HARRIS,210,5.48801,31,FREAK,37.7252,BF,KNN,10,0.129766
8,HARRIS,171,4.1394,26,FREAK,39.1186,BF,KNN,17,0.104317
9,HARRIS,281,9.48621,34,FREAK,39.7451,BF,KNN,18,0.123256
Detector HARRIS is not compatible with descriptor AKAZE
Evaluate detector HARRIS and descriptor SIFT
0,HARRIS,115,3.12817,17,SIFT,13.9593
1,HARRIS,98,2.96313,14,SIFT,13.9758,BF,KNN,14,0.033628
2,HARRIS,113,3.18713,18,SIFT,13.8936,BF,KNN,11,0.027242
3,HARRIS,121,3.29757,21,SIFT,14.0463,BF,KNN,16,0.03362
4,HARRIS,160,3.91831,26,SIFT,14.1454,BF,KNN,19,0.037301
5,HARRIS,383,17.8303,43,SIFT,14.2054,BF,KNN,22,0.054557
6,HARRIS,85,2.72881,18,SIFT,13.5316,BF,KNN,22,0.047185
7,HARRIS,210,5.47042,31,SIFT,13.486,BF,KNN,13,0.040993
8,HARRIS,171,4.25651,26,SIFT,12.3631,BF,KNN,24,0.049934
9,HARRIS,281,9.47762,34,SIFT,12.6488,BF,KNN,22,0.044021
Evaluate detector FAST and descriptor BRISK
0,FAST,5063,2.11028,419,BRISK,5.1962
1,FAST,4952,1.96438,427,BRISK,4.83544,BF,KNN,213,5.50762
2,FAST,4863,2.18409,404,BRISK,4.329,BF,KNN,216,5.23253
3,FAST,4840,1.94634,423,BRISK,4.41506,BF,KNN,187,5.31504
4,FAST,4856,1.98125,386,BRISK,4.29321,BF,KNN,205,5.11323
5,FAST,4899,1.72385,414,BRISK,4.27501,BF,KNN,185,4.8539
6,FAST,4870,1.96336,418,BRISK,4.41396,BF,KNN,200,5.25985
7,FAST,4868,2.1959,406,BRISK,4.49353,BF,KNN,215,5.02348
8,FAST,4996,1.92614,396,BRISK,4.17171,BF,KNN,203,4.74969
9,FAST,4997,2.07766,401,BRISK,4.27213,BF,KNN,208,4.64775
Evaluate detector FAST and descriptor BRIEF
0,FAST,5063,2.11284,419,BRIEF,1.58559
1,FAST,4952,2.03534,427,BRIEF,1.55689,BF,KNN,229,2.83719
2,FAST,4863,1.94712,404,BRIEF,1.53176,BF,KNN,253,2.84795
3,FAST,4840,1.95979,423,BRIEF,1.54854,BF,KNN,233,3.10198
4,FAST,4856,1.79942,386,BRIEF,1.68629,BF,KNN,247,2.62622
5,FAST,4899,1.97286,414,BRIEF,1.58035,BF,KNN,224,2.59968
6,FAST,4870,2.02078,418,BRIEF,1.56859,BF,KNN,243,2.71824
7,FAST,4868,2.28056,406,BRIEF,1.47216,BF,KNN,251,2.84056
8,FAST,4996,2.08023,396,BRIEF,1.53581,BF,KNN,260,2.61057
9,FAST,4997,2.16662,401,BRIEF,1.5502,BF,KNN,238,2.51402
Evaluate detector FAST and descriptor ORB
0,FAST,5063,2.0574,419,ORB,1.44496
1,FAST,4952,1.98173,427,ORB,1.57424,BF,KNN,226,2.95483
2,FAST,4863,2.0703,404,ORB,1.49927,BF,KNN,220,2.80216
3,FAST,4840,1.98684,423,ORB,1.41838,BF,KNN,218,2.82084
4,FAST,4856,2.04813,386,ORB,1.30144,BF,KNN,226,2.70239
5,FAST,4899,1.93621,414,ORB,1.47314,BF,KNN,220,2.55956
6,FAST,4870,1.99337,418,ORB,1.34406,BF,KNN,235,2.72564
7,FAST,4868,1.97626,406,ORB,1.41342,BF,KNN,251,2.74727
8,FAST,4996,2.07144,396,ORB,1.3373,BF,KNN,226,2.65656
9,FAST,4997,2.13068,401,ORB,1.52292,BF,KNN,239,2.37228
Evaluate detector FAST and descriptor FREAK
0,FAST,5063,1.83522,419,FREAK,43.5413
1,FAST,4952,2.06683,427,FREAK,41.8062,BF,KNN,178,5.15432
2,FAST,4863,1.8473,404,FREAK,40.7052,BF,KNN,181,5.34514
3,FAST,4840,1.89909,423,FREAK,40.8574,BF,KNN,156,5.20734
4,FAST,4856,1.95202,386,FREAK,41.244,BF,KNN,182,5.08255
5,FAST,4899,2.0859,414,FREAK,40.5006,BF,KNN,159,4.85273
6,FAST,4870,1.91636,418,FREAK,41.4774,BF,KNN,179,5.12302
7,FAST,4868,1.98393,406,FREAK,41.4611,BF,KNN,196,5.2129
8,FAST,4996,2.01932,396,FREAK,41.0041,BF,KNN,164,5.0066
9,FAST,4997,2.06221,401,FREAK,41.7309,BF,KNN,171,4.74025
Detector FAST is not compatible with descriptor AKAZE
Evaluate detector FAST and descriptor SIFT
0,FAST,5063,2.03684,419,SIFT,29.8222
1,FAST,4952,2.05251,427,SIFT,29.7988,BF,KNN,316,3.57757
2,FAST,4863,1.87142,404,SIFT,30.1148,BF,KNN,325,3.65156
3,FAST,4840,2.06495,423,SIFT,34.4053,BF,KNN,297,3.49589
4,FAST,4856,2.01619,386,SIFT,28.6302,BF,KNN,311,2.83477
5,FAST,4899,1.86685,414,SIFT,30.0306,BF,KNN,291,3.00899
6,FAST,4870,1.97707,418,SIFT,29.6075,BF,KNN,326,3.50105
7,FAST,4868,2.13081,406,SIFT,29.5603,BF,KNN,315,3.21616
8,FAST,4996,2.11841,396,SIFT,32.8308,BF,KNN,300,3.02903
9,FAST,4997,1.93026,401,SIFT,28.7852,BF,KNN,301,2.94479
Evaluate detector BRISK and descriptor BRISK
0,BRISK,2757,41.7514,264,BRISK,3.16006
1,BRISK,2777,41.7492,282,BRISK,3.4093,BF,KNN,138,2.28896
2,BRISK,2741,41.0831,282,BRISK,3.0767,BF,KNN,144,2.46178
3,BRISK,2735,40.2631,277,BRISK,3.57654,BF,KNN,133,2.46574
4,BRISK,2757,39.7879,297,BRISK,3.28549,BF,KNN,144,2.65191
5,BRISK,2695,40.9745,279,BRISK,3.0662,BF,KNN,139,2.54484
6,BRISK,2715,40.9977,289,BRISK,3.37743,BF,KNN,155,2.4321
7,BRISK,2628,39.3541,272,BRISK,3.2271,BF,KNN,137,2.4531
8,BRISK,2639,39.7814,266,BRISK,2.98704,BF,KNN,150,2.2792
9,BRISK,2672,41.374,254,BRISK,2.87762,BF,KNN,158,2.13973
Evaluate detector BRISK and descriptor BRIEF
0,BRISK,2757,41.8931,264,BRIEF,1.02893
1,BRISK,2777,40.9305,282,BRIEF,1.1367,BF,KNN,138,1.39166
2,BRISK,2741,40.7398,282,BRIEF,1.07824,BF,KNN,166,1.40457
3,BRISK,2735,40.0156,277,BRIEF,1.18032,BF,KNN,129,1.30181
4,BRISK,2757,41.3752,297,BRIEF,1.09385,BF,KNN,141,1.48279
5,BRISK,2695,41.1291,279,BRIEF,1.06417,BF,KNN,148,1.44754
6,BRISK,2715,39.9132,289,BRIEF,1.06964,BF,KNN,155,1.27541
7,BRISK,2628,39.762,272,BRIEF,1.06744,BF,KNN,158,1.3494
8,BRISK,2639,39.4866,266,BRIEF,0.969687,BF,KNN,161,1.22933
9,BRISK,2672,40.6536,254,BRIEF,0.978498,BF,KNN,148,1.18825
Evaluate detector BRISK and descriptor ORB
0,BRISK,2757,41.228,264,ORB,4.39372
1,BRISK,2777,41.2231,282,ORB,4.51554,BF,KNN,94,1.29788
2,BRISK,2741,39.3135,282,ORB,4.2792,BF,KNN,107,1.35047
3,BRISK,2735,39.2799,277,ORB,4.25872,BF,KNN,88,1.51842
4,BRISK,2757,41.1991,297,ORB,4.79591,BF,KNN,97,1.52279
5,BRISK,2695,41.2925,279,ORB,4.42553,BF,KNN,85,1.33492
6,BRISK,2715,39.6906,289,ORB,4.48624,BF,KNN,114,1.39879
7,BRISK,2628,39.6734,272,ORB,4.4019,BF,KNN,112,1.35933
8,BRISK,2639,39.6579,266,ORB,4.79887,BF,KNN,114,1.29379
9,BRISK,2672,40.4529,254,ORB,4.27448,BF,KNN,122,1.27029
Evaluate detector BRISK and descriptor FREAK
0,BRISK,2757,41.2684,264,FREAK,43.5501
1,BRISK,2777,40.2073,282,FREAK,41.4625,BF,KNN,114,1.95695
2,BRISK,2741,40.0143,282,FREAK,41.2258,BF,KNN,121,2.1487
3,BRISK,2735,41.4305,277,FREAK,41.3013,BF,KNN,113,2.15567
4,BRISK,2757,40.7248,297,FREAK,42.5649,BF,KNN,118,2.20721
5,BRISK,2695,39.7104,279,FREAK,40.383,BF,KNN,103,2.05555
6,BRISK,2715,40.0027,289,FREAK,41.0589,BF,KNN,129,2.23335
7,BRISK,2628,40.195,272,FREAK,40.4955,BF,KNN,135,2.00395
8,BRISK,2639,40.384,266,FREAK,40.6185,BF,KNN,129,1.96379
9,BRISK,2672,39.5598,254,FREAK,40.4119,BF,KNN,131,1.81222
Detector BRISK is not compatible with descriptor AKAZE
Evaluate detector BRISK and descriptor SIFT
0,BRISK,2757,41.3904,264,SIFT,41.6381
1,BRISK,2777,41.4489,282,SIFT,40.5144,BF,KNN,182,1.55899
2,BRISK,2741,42.0259,282,SIFT,40.1817,BF,KNN,193,1.44522
3,BRISK,2735,41.9096,277,SIFT,44.3315,BF,KNN,169,1.66713
4,BRISK,2757,39.6737,297,SIFT,41.631,BF,KNN,183,1.66165
5,BRISK,2695,39.7751,279,SIFT,40.0953,BF,KNN,171,1.73231
6,BRISK,2715,40.3351,289,SIFT,40.8425,BF,KNN,195,1.69689
7,BRISK,2628,40.5166,272,SIFT,40.695,BF,KNN,194,1.62854
8,BRISK,2639,41.8756,266,SIFT,41.4153,BF,KNN,176,1.49958
9,BRISK,2672,39.9791,254,SIFT,38.773,BF,KNN,183,1.36771
Evaluate detector ORB and descriptor BRISK
0,ORB,500,8.423,92,BRISK,1.23532
1,ORB,500,8.04991,102,BRISK,1.38109,BF,KNN,60,0.364932
2,ORB,500,7.78801,106,BRISK,1.30835,BF,KNN,65,0.443173
3,ORB,500,7.12488,113,BRISK,1.43188,BF,KNN,65,0.560472
4,ORB,500,7.43357,109,BRISK,1.3912,BF,KNN,76,0.449993
5,ORB,500,7.37252,125,BRISK,1.62709,BF,KNN,72,0.507132
6,ORB,500,7.3932,130,BRISK,1.61295,BF,KNN,83,0.602362
7,ORB,500,7.30223,129,BRISK,1.55019,BF,KNN,83,0.514893
8,ORB,500,7.43563,127,BRISK,1.6173,BF,KNN,73,0.592587
9,ORB,500,7.24267,128,BRISK,1.59994,BF,KNN,72,0.554335
Evaluate detector ORB and descriptor BRIEF
0,ORB,500,7.35014,92,BRIEF,0.504459
1,ORB,500,7.15499,102,BRIEF,0.521296,BF,KNN,37,0.248742
2,ORB,500,7.18402,106,BRIEF,0.637467,BF,KNN,38,0.255851
3,ORB,500,7.51763,113,BRIEF,0.648049,BF,KNN,37,0.29499
4,ORB,500,7.01741,109,BRIEF,0.577753,BF,KNN,53,0.287655
5,ORB,500,7.65789,125,BRIEF,0.590922,BF,KNN,42,0.296298
6,ORB,500,7.66995,130,BRIEF,0.656292,BF,KNN,64,0.362321
7,ORB,500,7.32747,129,BRIEF,0.678421,BF,KNN,58,0.35686
8,ORB,500,7.29749,127,BRIEF,0.580679,BF,KNN,62,0.381356
9,ORB,500,7.27656,128,BRIEF,0.604916,BF,KNN,59,0.348912
Evaluate detector ORB and descriptor ORB
0,ORB,500,7.37894,92,ORB,4.43387
1,ORB,500,8.31986,102,ORB,4.85963,BF,KNN,40,0.244824
2,ORB,500,7.23599,106,ORB,4.60818,BF,KNN,57,0.256783
3,ORB,500,7.35366,113,ORB,4.6517,BF,KNN,49,0.31625
4,ORB,500,7.09857,109,ORB,4.56926,BF,KNN,54,0.321149
5,ORB,500,7.2874,125,ORB,4.3595,BF,KNN,57,0.299367
6,ORB,500,6.98169,130,ORB,4.47523,BF,KNN,68,0.365828
7,ORB,500,7.76289,129,ORB,4.67687,BF,KNN,71,0.353746
8,ORB,500,7.21763,127,ORB,4.51843,BF,KNN,62,0.336896
9,ORB,500,7.47274,128,ORB,4.70508,BF,KNN,72,0.3372
Evaluate detector ORB and descriptor FREAK
0,ORB,500,7.51636,92,FREAK,40.688
1,ORB,500,7.13116,102,FREAK,39.9629,BF,KNN,39,0.164214
2,ORB,500,7.81009,106,FREAK,40.0966,BF,KNN,33,0.220591
3,ORB,500,6.89612,113,FREAK,39.4902,BF,KNN,37,0.19191
4,ORB,500,7.15215,109,FREAK,37.6389,BF,KNN,40,0.199704
5,ORB,500,7.13745,125,FREAK,39.3612,BF,KNN,33,0.202272
6,ORB,500,6.95099,130,FREAK,38.2224,BF,KNN,40,0.236183
7,ORB,500,7.08255,129,FREAK,38.4609,BF,KNN,41,0.224756
8,ORB,500,7.22635,127,FREAK,39.6955,BF,KNN,39,0.263837
9,ORB,500,7.404,128,FREAK,39.0519,BF,KNN,44,0.294328
Detector ORB is not compatible with descriptor AKAZE
Evaluate detector ORB and descriptor SIFT
0,ORB,500,7.27931,92,SIFT,42.9758
1,ORB,500,7.1689,102,SIFT,41.2521,BF,KNN,67,0.260286
2,ORB,500,7.15442,106,SIFT,43.645,BF,KNN,79,0.396081
3,ORB,500,6.99596,113,SIFT,45.3111,BF,KNN,78,0.43398
4,ORB,500,7.55025,109,SIFT,43.7797,BF,KNN,79,0.408866
5,ORB,500,7.45111,125,SIFT,45.807,BF,KNN,82,0.313446
6,ORB,500,7.24985,130,SIFT,47.3067,BF,KNN,95,0.454259
7,ORB,500,7.35456,129,SIFT,49.3348,BF,KNN,95,0.406239
8,ORB,500,7.42015,127,SIFT,51.1882,BF,KNN,94,0.384563
9,ORB,500,7.24617,128,SIFT,49.2421,BF,KNN,94,0.454106
Evaluate detector AKAZE and descriptor BRISK
0,AKAZE,1351,73.3078,166,BRISK,1.93641
1,AKAZE,1327,68.0034,157,BRISK,2.01015,BF,KNN,126,0.938476
2,AKAZE,1311,68.8589,161,BRISK,1.82334,BF,KNN,112,1.07767
3,AKAZE,1351,71.3774,155,BRISK,1.90003,BF,KNN,121,0.898312
4,AKAZE,1360,71.9134,163,BRISK,2.0351,BF,KNN,117,0.897635
5,AKAZE,1347,64.5175,164,BRISK,2.10338,BF,KNN,114,0.916682
6,AKAZE,1363,71.1694,173,BRISK,1.96894,BF,KNN,119,1.23822
7,AKAZE,1331,66.5375,175,BRISK,2.14046,BF,KNN,134,1.05963
8,AKAZE,1357,67.3959,177,BRISK,2.0831,BF,KNN,140,1.14664
9,AKAZE,1331,65.7754,179,BRISK,2.07891,BF,KNN,127,0.976023
Evaluate detector AKAZE and descriptor BRIEF
0,AKAZE,1351,71.2297,166,BRIEF,0.865102
1,AKAZE,1327,71.055,157,BRIEF,1.01336,BF,KNN,108,0.63375
2,AKAZE,1311,72.8563,161,BRIEF,0.869009,BF,KNN,116,0.459759
3,AKAZE,1351,71.5401,155,BRIEF,0.99084,BF,KNN,110,0.439535
4,AKAZE,1360,67.5388,163,BRIEF,0.799608,BF,KNN,109,0.466458
5,AKAZE,1347,70.7501,164,BRIEF,0.814159,BF,KNN,116,0.482409
6,AKAZE,1363,70.7963,173,BRIEF,0.839571,BF,KNN,129,0.528031
7,AKAZE,1331,70.4981,175,BRIEF,1.00347,BF,KNN,133,0.564805
8,AKAZE,1357,67.2102,177,BRIEF,0.97198,BF,KNN,135,0.627073
9,AKAZE,1331,65.4624,179,BRIEF,0.963919,BF,KNN,131,0.683582
Evaluate detector AKAZE and descriptor ORB
0,AKAZE,1351,67.3909,166,ORB,2.99557
1,AKAZE,1327,67.1721,157,ORB,3.37166,BF,KNN,102,1.58031
2,AKAZE,1311,72.8169,161,ORB,2.95766,BF,KNN,96,0.488013
3,AKAZE,1351,68.9372,155,ORB,2.94778,BF,KNN,96,0.557266
4,AKAZE,1360,69.0143,163,ORB,2.83764,BF,KNN,84,0.496153
5,AKAZE,1347,69.2711,164,ORB,3.15545,BF,KNN,90,0.547595
6,AKAZE,1363,69.3757,173,ORB,3.23317,BF,KNN,116,0.546075
7,AKAZE,1331,66.6977,175,ORB,3.65766,BF,KNN,103,0.58995
8,AKAZE,1357,68.5881,177,ORB,2.91656,BF,KNN,113,0.618386
9,AKAZE,1331,72.733,179,ORB,2.76899,BF,KNN,118,0.613115
Evaluate detector AKAZE and descriptor FREAK
0,AKAZE,1351,71.2406,166,FREAK,39.4415
1,AKAZE,1327,67.2581,157,FREAK,38.6747,BF,KNN,103,0.861505
2,AKAZE,1311,64.1513,161,FREAK,39.4333,BF,KNN,105,0.884335
3,AKAZE,1351,70.4132,155,FREAK,38.9346,BF,KNN,93,0.926679
4,AKAZE,1360,71.5711,163,FREAK,44.1521,BF,KNN,99,1.10637
5,AKAZE,1347,67.8623,164,FREAK,39.9078,BF,KNN,97,0.97635
6,AKAZE,1363,67.7195,173,FREAK,40.3114,BF,KNN,115,0.910757
7,AKAZE,1331,62.2679,175,FREAK,40.1919,BF,KNN,126,0.984135
8,AKAZE,1357,65.28,177,FREAK,40.423,BF,KNN,118,1.01567
9,AKAZE,1331,66.8675,179,FREAK,40.7946,BF,KNN,117,1.00537
Evaluate detector AKAZE and descriptor AKAZE
0,AKAZE,1351,69.7869,166,AKAZE,55.687
1,AKAZE,1327,71.4201,157,AKAZE,61.4603,BF,KNN,128,0.764297
2,AKAZE,1311,67.0705,161,AKAZE,57.0235,BF,KNN,128,0.816817
3,AKAZE,1351,62.7779,155,AKAZE,57.1029,BF,KNN,125,0.759758
4,AKAZE,1360,78.0914,163,AKAZE,62.994,BF,KNN,117,0.881742
5,AKAZE,1347,66.9541,164,AKAZE,60.5892,BF,KNN,121,0.77877
6,AKAZE,1363,72.4583,173,AKAZE,61.5531,BF,KNN,132,0.932753
7,AKAZE,1331,63.9679,175,AKAZE,52.7531,BF,KNN,137,0.967331
8,AKAZE,1357,65.0974,177,AKAZE,55.6629,BF,KNN,140,0.863695
9,AKAZE,1331,57.338,179,AKAZE,49.2322,BF,KNN,144,1.0237
Evaluate detector AKAZE and descriptor SIFT
0,AKAZE,1351,72.2431,166,SIFT,23.3744
1,AKAZE,1327,69.6614,157,SIFT,23.5461,BF,KNN,134,0.605275
2,AKAZE,1311,72.5786,161,SIFT,23.6256,BF,KNN,134,0.543761
3,AKAZE,1351,68.8318,155,SIFT,23.7962,BF,KNN,130,0.813539
4,AKAZE,1360,76.8231,163,SIFT,23.3787,BF,KNN,136,0.526472
5,AKAZE,1347,73.2632,164,SIFT,22.3868,BF,KNN,137,0.627433
6,AKAZE,1363,70.0255,173,SIFT,24.0429,BF,KNN,147,0.666078
7,AKAZE,1331,70.6836,175,SIFT,24.3179,BF,KNN,147,0.633651
8,AKAZE,1357,70.6182,177,SIFT,28.7576,BF,KNN,154,0.674741
9,AKAZE,1331,67.6015,179,SIFT,29.4867,BF,KNN,151,0.722188
Evaluate detector SIFT and descriptor BRISK
0,SIFT,1438,120.789,138,BRISK,1.66287
1,SIFT,1371,124.83,132,BRISK,1.6743,BF,KNN,57,0.727595
2,SIFT,1380,120.341,124,BRISK,1.44854,BF,KNN,63,0.761061
3,SIFT,1335,125.723,137,BRISK,1.71313,BF,KNN,58,0.709099
4,SIFT,1305,125.677,134,BRISK,1.63266,BF,KNN,61,0.688882
5,SIFT,1370,122.583,140,BRISK,1.79846,BF,KNN,55,0.683861
6,SIFT,1396,123.158,137,BRISK,1.61129,BF,KNN,52,0.716465
7,SIFT,1382,124.296,148,BRISK,1.75167,BF,KNN,54,0.711306
8,SIFT,1463,123.006,159,BRISK,2.06065,BF,KNN,63,0.880418
9,SIFT,1422,122.847,137,BRISK,1.82196,BF,KNN,73,0.877262
Evaluate detector SIFT and descriptor BRIEF
0,SIFT,1438,125.257,138,BRIEF,0.743816
1,SIFT,1371,124.285,132,BRIEF,0.846962,BF,KNN,63,0.414962
2,SIFT,1380,121.059,124,BRIEF,0.745044,BF,KNN,72,0.375976
3,SIFT,1335,125.525,137,BRIEF,0.842227,BF,KNN,64,0.399778
4,SIFT,1305,127.87,134,BRIEF,0.80778,BF,KNN,66,0.414901
5,SIFT,1370,127.585,140,BRIEF,0.728459,BF,KNN,52,0.367756
6,SIFT,1396,123.657,137,BRIEF,0.814946,BF,KNN,57,0.433012
7,SIFT,1382,129.558,148,BRIEF,0.822538,BF,KNN,72,0.413221
8,SIFT,1463,120.356,159,BRIEF,0.900177,BF,KNN,67,0.513618
9,SIFT,1422,126.198,137,BRIEF,0.796268,BF,KNN,84,0.459161
Detector SIFT is not compatible with descriptor ORB
Evaluate detector SIFT and descriptor FREAK
0,SIFT,1438,126.824,138,FREAK,41.327
1,SIFT,1371,126.84,132,FREAK,40.156,BF,KNN,59,0.677545
2,SIFT,1380,121.382,124,FREAK,40.6309,BF,KNN,63,0.556941
3,SIFT,1335,124.609,137,FREAK,40.6367,BF,KNN,54,0.551259
4,SIFT,1305,126.691,134,FREAK,41.2337,BF,KNN,64,0.672674
5,SIFT,1370,130.844,140,FREAK,40.2021,BF,KNN,51,0.806808
6,SIFT,1396,121.382,137,FREAK,41.5919,BF,KNN,50,0.773078
7,SIFT,1382,119.044,148,FREAK,39.379,BF,KNN,47,0.662771
8,SIFT,1463,120.887,159,FREAK,39.5798,BF,KNN,53,0.796174
9,SIFT,1422,125.312,137,FREAK,43.908,BF,KNN,65,0.800277
Detector SIFT is not compatible with descriptor AKAZE
Evaluate detector SIFT and descriptor SIFT
0,SIFT,1438,120.319,138,SIFT,74.8018
1,SIFT,1371,95.754,132,SIFT,73.2993,BF,KNN,82,0.543787
2,SIFT,1380,98.5605,124,SIFT,75.909,BF,KNN,81,0.34425
3,SIFT,1335,92.4254,137,SIFT,73.3002,BF,KNN,85,0.441797
4,SIFT,1305,95.0361,134,SIFT,76.0756,BF,KNN,93,0.446046
5,SIFT,1370,95.442,140,SIFT,77.6714,BF,KNN,90,0.463874
6,SIFT,1396,95.849,137,SIFT,75.5715,BF,KNN,81,0.426999
7,SIFT,1382,91.0244,148,SIFT,74.1893,BF,KNN,82,0.454579
8,SIFT,1463,98.3883,159,SIFT,74.4378,BF,KNN,102,0.58431
9,SIFT,1422,100.505,137,SIFT,74.7392,BF,KNN,104,0.50659
